buffering_time,video_quality,watch_duration,chat_message,satisfaction_score
3.745401188473625,720p,3597.52801871141,Laggy video,0
9.50714306409916,480p,2818.5312163169724,Great quality,0
7.319939418114051,1080p,3273.888447477084,Great quality,0
5.986584841970366,240p,1680.5279177687,Buffering issues,0
1.5601864044243652,1080p,6410.251141159948,Buffering issues,1
1.5599452033620265,240p,3277.4243490504714,Laggy video,1
0.5808361216819946,360p,6360.760404856553,Good stream,0
8.661761457749352,240p,814.651446530797,Buffering issues,1
6.011150117432088,720p,7116.285434940938,Buffering issues,1
7.080725777960454,480p,3224.9698443474344,Great quality,0
0.20584494295802447,360p,401.51205761391304,Buffering issues,1
9.699098521619943,240p,331.4759964154281,Buffering issues,1
8.324426408004218,1080p,5387.919818420328,Buffering issues,1
2.1233911067827616,360p,4765.51371421428,Buffering issues,1
1.8182496720710062,360p,5787.212185030975,Great quality,1
1.8340450985343382,240p,812.3241924230346,Laggy video,1
3.0424224295953772,360p,313.9759906338152,Laggy video,1
5.247564316322379,1080p,3691.2561266557104,Good stream,1
4.319450186421157,360p,2827.4299527869744,Buffering issues,0
2.9122914019804194,1080p,3358.301127830624,Great quality,0
6.118528947223795,240p,7139.941239333756,Good stream,1
1.3949386065204183,480p,6991.154697768585,Good stream,1
2.9214464853521815,360p,6788.131882266597,Laggy video,0
3.663618432936917,480p,5656.6367121211915,Great quality,1
4.56069984217036,1080p,2593.5673122341973,Great quality,1
7.851759613930136,360p,3002.6148420761892,Great quality,0
1.9967378215835974,720p,3984.258552153121,Laggy video,0
5.142344384136116,480p,5990.016018730557,Laggy video,0
5.924145688620425,360p,550.6096241804319,Laggy video,1
0.46450412719997725,480p,3089.479765218101,Laggy video,1
6.075448519014383,360p,649.8901170991784,Laggy video,0
1.7052412368729153,240p,3734.655168134873,Buffering issues,0
0.6505159298527952,480p,6478.151883404521,Buffering issues,1
9.488855372533333,720p,5646.9423613865165,Great quality,0
9.656320330745594,720p,1686.7948612578052,Good stream,1
8.08397348116461,1080p,7028.574666135378,Great quality,1
3.0461376917337066,360p,4824.881842051499,Good stream,0
0.9767211400638387,480p,134.4537736974579,Laggy video,0
6.842330265121569,1080p,1883.6522806524674,Good stream,1
4.4015249373960135,480p,1921.4929614282041,Great quality,0
1.2203823484477883,360p,554.4757468810399,Great quality,0
4.951769101112702,720p,6913.161339062133,Good stream,0
0.34388521115218396,240p,3474.7428032720954,Buffering issues,0
9.093204020787821,720p,6456.116225235237,Laggy video,1
2.587799816000169,1080p,2360.6186945946465,Laggy video,1
6.62522284353982,240p,954.1676928903856,Great quality,1
3.1171107608941098,1080p,3446.759824730367,Buffering issues,1
5.200680211778108,360p,873.6503718602245,Good stream,0
5.4671027934327965,240p,3530.150691259635,Laggy video,0
1.8485445552552704,1080p,6630.921873906571,Buffering issues,1
9.695846277645586,360p,3778.284532696279,Laggy video,1
7.7513282336111455,720p,4461.808050030896,Buffering issues,0
9.394989415641891,360p,1178.3984399929914,Buffering issues,1
8.948273504276488,480p,372.27236878298214,Great quality,1
5.978999788110851,360p,851.1688499638223,Laggy video,0
9.218742350231167,360p,4333.5154503863705,Good stream,1
0.884925020519195,480p,738.3835308050553,Great quality,0
1.959828624191452,1080p,2744.5892341809636,Great quality,0
0.45227288910538066,1080p,3987.656454871234,Good stream,1
3.2533033076326436,360p,2834.980982217108,Great quality,0
3.8867728968948203,480p,1228.7023424622525,Buffering issues,1
2.713490317738959,480p,2014.8699356507204,Buffering issues,0
8.287375091519294,720p,6688.18718453884,Laggy video,1
3.567533266935893,1080p,4886.513447686578,Laggy video,1
2.8093450968738076,240p,3601.78156817439,Good stream,1
5.426960831582485,1080p,150.78431450641972,Laggy video,0
1.4092422497476265,1080p,7145.845959494817,Buffering issues,0
8.021969807540398,720p,4854.1882351477525,Good stream,1
0.7455064367977082,240p,2322.826488242907,Good stream,0
9.868869366005173,720p,6337.978232384565,Laggy video,1
7.722447692966574,240p,1905.2017688835813,Buffering issues,1
1.987156815341724,360p,3944.2783753648464,Good stream,0
0.05522117123602399,240p,4601.545253030951,Buffering issues,1
8.154614284548341,720p,1638.392472179621,Buffering issues,0
7.068573438476172,1080p,7045.756570636255,Buffering issues,1
7.2900716804098735,240p,5402.090208690042,Laggy video,0
7.712703466859457,240p,4042.7864301490395,Great quality,1
0.7404465173409036,480p,1349.4454309716482,Great quality,1
3.5846572854427263,1080p,444.54759796590656,Good stream,0
1.1586905952512971,360p,2345.227204199822,Buffering issues,1
8.631034258755935,720p,5437.757578421696,Laggy video,1
6.232981268275579,360p,1983.025469876459,Buffering issues,0
3.308980248526492,1080p,3912.4314143379065,Buffering issues,1
0.6355835028602363,240p,5257.542841857507,Laggy video,0
3.109823217156622,240p,830.7181225757555,Great quality,1
3.2518332202674705,1080p,4953.027835067336,Buffering issues,0
7.29606178338064,240p,715.9581382497191,Buffering issues,1
6.3755747135521315,240p,6951.026358786755,Great quality,1
8.872127425763265,240p,3547.1340886636685,Laggy video,1
4.722149251619493,720p,1135.8274090485245,Good stream,0
1.195942459383017,720p,2504.619161279522,Great quality,0
7.13244787222995,480p,3011.7934479681667,Good stream,0
7.607850486168974,360p,5473.440979086477,Good stream,0
5.612771975694963,1080p,5368.04583258699,Great quality,1
7.70967179954561,1080p,4429.255208108543,Buffering issues,1
4.937955963643907,1080p,816.3452876676397,Good stream,0
5.227328293819941,480p,1142.2053131359894,Good stream,0
4.275410183585496,720p,729.4244134092743,Laggy video,0
0.2541912674409519,480p,4181.013672673107,Buffering issues,1
1.0789142699330445,1080p,6322.768472391424,Good stream,0
0.3142918568673425,360p,3157.3356574990707,Laggy video,0
6.364104112637804,240p,1208.455962058308,Buffering issues,1
3.143559810763267,720p,4044.4222015636246,Great quality,1
5.085706911647028,720p,5855.910828421169,Great quality,0
9.07566473926093,480p,5355.824119202321,Laggy video,1
2.4929222914887497,720p,6353.558566879653,Great quality,0
4.103829230356297,1080p,2044.2209743569163,Good stream,1
7.555511385430487,1080p,1444.8306122919125,Buffering issues,0
2.2879816549162246,480p,6341.889709625442,Good stream,0
0.7697990982879299,1080p,4754.9806332350845,Good stream,0
2.8975145291376805,360p,2280.032560253937,Great quality,0
1.6122128725400442,480p,5360.365081087715,Good stream,1
9.29697652342573,360p,5879.945265189826,Great quality,1
8.08120379564417,240p,4450.944636035685,Buffering issues,1
6.334037565104235,360p,4971.492544542594,Buffering issues,1
8.714605901877178,240p,2739.3557177206376,Good stream,0
8.036720768991145,240p,3906.287064829299,Laggy video,0
1.8657005888603584,360p,3802.4964789847986,Great quality,1
8.925589984899778,480p,6115.061228673711,Great quality,1
5.393422419156507,1080p,6057.342819214783,Good stream,1
8.074401551640625,1080p,6005.338551137888,Great quality,1
8.960912999234932,240p,138.76572583400576,Great quality,1
3.1800347497186388,240p,5411.754759107862,Laggy video,0
1.1005192452767676,480p,5476.949425392575,Laggy video,0
2.279351625419417,720p,4903.624795185713,Good stream,0
4.271077886262563,360p,5459.729657344971,Laggy video,1
8.18014765922493,240p,6071.6684524865,Good stream,1
8.607305832563434,1080p,3418.0780462867497,Buffering issues,1
0.06952130531190703,480p,3644.6385243075124,Good stream,1
5.107473025775658,360p,950.458366347328,Buffering issues,0
4.17411003148779,480p,2811.5838049581635,Good stream,0
2.2210781047073027,360p,4653.62738457014,Great quality,1
1.198653673336828,360p,5632.05440169154,Laggy video,0
3.3761517140362796,240p,1610.8729575152433,Buffering issues,0
9.429097039125192,480p,1044.0554999969409,Good stream,1
3.2320293202075523,480p,4794.119912133515,Laggy video,1
5.187906217433661,1080p,73.42236836786198,Good stream,1
7.030189588951778,1080p,1333.580251954335,Laggy video,1
3.63629602379294,240p,267.56965565582965,Laggy video,1
9.717820827209607,240p,1251.5597414837785,Good stream,1
9.624472949421111,720p,1354.6196586681074,Buffering issues,0
2.5178229582536416,1080p,2827.9894665178144,Buffering issues,0
4.972485058923855,360p,2932.6156702620096,Great quality,1
3.0087830981676964,480p,6302.234040157097,Laggy video,0
2.848404943774676,240p,3702.183347241612,Great quality,1
0.36886947354532795,480p,5225.110026471724,Great quality,1
6.095643339798968,480p,803.5407355508523,Good stream,1
5.026790232288615,720p,1669.6327140107742,Good stream,1
0.5147875124998935,1080p,5079.016168587752,Good stream,0
2.7864646423661146,240p,437.02027774529057,Laggy video,1
9.082658859666537,480p,3534.307308420397,Good stream,0
2.395618906669724,240p,4339.494414833348,Good stream,1
1.448948720912231,360p,4359.319898534714,Laggy video,1
4.89452760277563,720p,223.7402724538201,Laggy video,1
9.856504541106007,360p,2359.8511501963844,Buffering issues,0
2.4205527151150044,240p,4604.54324849096,Good stream,1
6.721355474058786,240p,1123.8581161055981,Good stream,1
7.616196153287175,1080p,5025.2677290623005,Good stream,1
2.3763754399239967,480p,5385.905990929636,Buffering issues,0
7.282163486118596,480p,7071.260019785477,Good stream,0
3.677831327192532,360p,1558.2718432747633,Buffering issues,0
6.3230583059357945,720p,5951.432967136063,Great quality,1
6.335297107608947,480p,3774.91755919919,Buffering issues,0
5.357746840747585,1080p,2726.5229364693982,Great quality,1
0.902897700544083,360p,933.7700473017705,Good stream,0
8.35302495589238,360p,5311.510030321018,Great quality,0
3.2078006497173583,1080p,1744.023257885926,Buffering issues,1
1.8651851039985423,720p,2711.953093373547,Laggy video,0
0.40775141554763916,1080p,506.55150004721065,Great quality,1
5.908929431882418,720p,5781.759778951366,Great quality,1
6.775643618422825,1080p,5533.442061157533,Good stream,0
0.16587828927856152,1080p,5298.017026502111,Buffering issues,1
5.12093058299281,240p,2198.026664912071,Great quality,1
2.2649577519793795,360p,1298.6477302589346,Great quality,0
6.451727904094499,1080p,4612.130308317441,Great quality,0
1.7436642900499144,1080p,3602.627982568387,Great quality,1
6.90937738102466,480p,1332.722613699141,Laggy video,0
3.867353463005374,360p,4957.406475296027,Buffering issues,1
9.367299887367345,480p,7136.642723204108,Good stream,1
1.3752094414599325,360p,5395.147856478149,Good stream,0
3.410663510502585,480p,5343.502800935268,Laggy video,0
1.1347352124058907,1080p,6845.233055924425,Buffering issues,0
9.246936182785628,1080p,1508.9656644848017,Great quality,0
8.77339353380981,240p,4098.026749539084,Laggy video,1
2.579416277151556,480p,7054.677545341928,Buffering issues,1
6.59984046034179,720p,1240.1999523270463,Great quality,0
8.172222002012159,240p,5059.79899043388,Laggy video,0
5.5520081159946235,480p,4242.68444223938,Buffering issues,1
5.296505783560065,480p,4247.460718227368,Good stream,1
2.418522909004517,240p,5041.368280493337,Good stream,1
0.9310276780589921,1080p,6697.464829332385,Buffering issues,1
8.972157579533267,480p,5647.635050538553,Good stream,0
9.004180571633304,1080p,460.81177839173944,Buffering issues,1
6.33101457273268,240p,6148.478061912579,Great quality,1
3.390297910487007,1080p,1670.3650956697309,Buffering issues,0
3.492095746126609,360p,2751.1671362176958,Great quality,1
7.259556788702394,720p,3356.7722891924086,Laggy video,1
8.971102599525771,480p,3493.6688453769175,Buffering issues,0
8.870864242651173,720p,3167.1880506832476,Laggy video,0
7.798755458576238,1080p,6752.702520701272,Good stream,0
6.420316461542877,480p,5100.975714721136,Great quality,1
0.8413996499504883,1080p,4566.558412130883,Buffering issues,1
1.6162871409461377,360p,415.8720783702027,Laggy video,0
8.985541885270793,240p,6513.941178059075,Great quality,0
6.0642905965958995,480p,6553.045970939949,Great quality,1
0.09197051616629648,360p,5630.721272890931,Good stream,0
1.014715428660321,360p,110.18851522924078,Good stream,0
6.635017691080558,480p,468.9809926942308,Great quality,0
0.05061583846218687,1080p,1668.0972341970169,Great quality,1
1.6080805141749865,360p,997.8347741546338,Buffering issues,1
5.487337893665861,720p,2907.689252084628,Great quality,1
6.918951976926932,360p,6647.528634746818,Buffering issues,1
6.519612595026006,1080p,3430.5115001665677,Great quality,1
2.242693094605598,1080p,155.69475272566245,Good stream,1
7.121792213475358,720p,2078.804223592361,Buffering issues,0
2.3724908749680007,360p,378.4076457829454,Laggy video,1
3.2539969815926773,1080p,319.0936254604054,Good stream,1
7.464914051180242,480p,2028.639751102243,Buffering issues,0
6.496328990472147,240p,2027.8720981676702,Buffering issues,1
8.49223410494178,240p,5680.083942575453,Laggy video,1
6.576128923003433,240p,7020.319420857139,Buffering issues,0
5.683086033354716,360p,2710.4186503745877,Great quality,0
0.9367476782809248,720p,3122.2523150678157,Laggy video,0
3.6771580305943354,1080p,6091.796575082193,Good stream,1
2.6520236768172545,480p,1974.5126034819655,Good stream,0
2.4398964337908358,480p,1176.5660834406183,Great quality,1
9.730105547524456,360p,6151.059911102065,Good stream,1
3.930977246667604,240p,392.01418718206764,Buffering issues,1
8.920465551771134,360p,4484.654003023828,Buffering issues,1
6.311386259972629,720p,4072.628930913,Great quality,0
7.948113035416484,720p,2529.871995162097,Good stream,0
5.026370931051921,1080p,2310.4531806351433,Good stream,1
5.769038846263591,1080p,5571.064164936776,Great quality,0
4.925176938188639,720p,677.0717208445819,Laggy video,1
1.952429877980445,720p,1750.6399684832916,Good stream,1
7.224521152615053,720p,5289.683945323961,Laggy video,1
2.807723624408558,360p,3975.008967806669,Good stream,0
0.2431596643145384,720p,973.8358089298068,Good stream,1
6.454722959071678,480p,6358.448285973909,Good stream,1
1.7711067940704894,240p,2869.2176244640436,Good stream,0
9.404585843529143,720p,5970.980199800314,Buffering issues,0
9.539285770025874,240p,5684.2709308678395,Laggy video,0
9.148643902204485,360p,4518.3976878081385,Laggy video,0
3.7015870025544437,240p,3590.595277446964,Good stream,1
0.15456616528867428,360p,7053.993000325744,Good stream,0
9.283185625877254,480p,1095.0506167918936,Laggy video,1
4.281841483173143,360p,5237.61189471496,Buffering issues,0
9.666548190436696,360p,1425.1016084585935,Great quality,0
9.636199770892528,1080p,2475.1985720729676,Great quality,0
8.530094554673601,720p,2264.109027684614,Laggy video,0
2.944488920695857,720p,6821.836952454482,Good stream,0
3.8509772860192526,480p,6966.923109408285,Good stream,0
8.511366715168569,480p,1366.730271835952,Buffering issues,1
3.1692200515627764,720p,217.3310445241799,Great quality,0
1.6949274668609249,1080p,5200.857403194627,Buffering issues,0
5.568012624583502,720p,3044.448127835258,Great quality,0
9.36154774160781,1080p,694.3193499252097,Laggy video,0
6.96029796674973,480p,4942.004313820084,Great quality,1
5.700611700893649,240p,3952.0534717813957,Buffering issues,0
0.9717649377076854,480p,7060.890109087897,Buffering issues,0
6.150072266991698,480p,1683.7038004502456,Buffering issues,0
9.900538501042632,360p,2944.4020369715545,Laggy video,0
1.4008401523652403,360p,3933.77703624332,Great quality,1
5.183296523637368,360p,5712.73791755693,Great quality,0
8.773730719279554,360p,3978.7080089812193,Buffering issues,1
7.407686177542044,1080p,4436.107148554317,Great quality,0
6.97015740995268,720p,1674.689948352177,Good stream,1
7.024840839871093,240p,6106.999718552317,Good stream,1
3.5949115121975517,480p,3120.4221053691967,Good stream,0
2.9359184426449336,1080p,1066.4517405054326,Great quality,0
8.093611554785136,240p,4802.30170956868,Laggy video,1
8.101133946791808,1080p,1602.8858357430956,Laggy video,1
8.670723185801037,1080p,756.5963231086001,Laggy video,0
9.132405525564714,480p,6214.586526006504,Laggy video,1
5.113423988609378,720p,3345.558568447459,Good stream,1
5.015162946871996,360p,5409.885708647844,Good stream,1
7.9829517896677515,720p,2134.7951770173754,Buffering issues,0
6.4996393077776515,480p,5678.966763312137,Great quality,1
7.019668772577034,480p,859.2225189337265,Great quality,1
7.95792669436101,480p,2601.6498888952483,Laggy video,1
8.900053418175663,240p,7043.361380330994,Good stream,0
3.379951568515358,720p,5729.086574867563,Laggy video,0
3.75582952639944,720p,3610.4073424468734,Buffering issues,1
0.93981939840869,1080p,2486.0111469518597,Great quality,0
5.78280140996174,1080p,6287.048898160482,Great quality,1
0.35942273796742086,1080p,3950.212999863442,Laggy video,0
4.655980181324601,480p,5475.154627585453,Buffering issues,0
5.426446347075766,720p,5444.328837457411,Great quality,1
2.865412521282844,480p,188.13214497903166,Buffering issues,0
5.9083326056901075,240p,961.4520091392601,Buffering issues,0
0.3050024993904943,1080p,4769.75367605846,Laggy video,0
0.37348188749214417,480p,1213.965452581122,Good stream,1
8.226005606596583,480p,1884.2224808410176,Laggy video,0
3.601906414112629,240p,6818.9949929851955,Good stream,0
1.2706051265188478,360p,4059.7013247968707,Buffering issues,1
5.222432600548044,720p,5420.208679975339,Good stream,0
7.699935530986108,360p,4043.9824749080485,Buffering issues,0
2.1582102749684315,1080p,4004.947209548658,Great quality,0
6.228904758190002,480p,732.244638297483,Great quality,0
0.85347464993768,240p,2513.755195228996,Great quality,0
0.516817211686077,240p,2076.5566166216936,Laggy video,1
5.31354631568148,720p,2849.8005304811986,Laggy video,1
5.406351216101065,360p,5760.177503921704,Buffering issues,0
6.374299014982066,720p,2715.599248926415,Great quality,0
7.260913337226615,480p,3285.1152893142144,Laggy video,0
9.758520794625346,720p,2897.30312806516,Great quality,1
5.163003483011953,240p,726.9329199036106,Laggy video,1
3.2295647294124596,240p,3209.2552099105956,Good stream,0
7.9518619476870365,1080p,1456.6502095378373,Good stream,0
2.708322512620742,1080p,1393.204331819516,Great quality,1
4.389714207056361,480p,731.4177856606618,Buffering issues,0
0.7845638134226596,360p,2606.6307553722004,Laggy video,1
0.2535074341545751,720p,5468.42065739644,Laggy video,1
9.626484146779251,480p,2033.793670765448,Good stream,0
8.359801205122059,1080p,2290.1725874625668,Good stream,1
6.95974206093698,720p,4648.697055781105,Buffering issues,0
4.089529444142698,1080p,1458.3034018706007,Buffering issues,0
1.7329432007084578,720p,6464.279623224035,Buffering issues,0
1.5643704267108605,360p,3774.160336016099,Great quality,0
2.502428981645953,480p,3255.884993886349,Good stream,0
5.4922666470612045,720p,4042.836170374498,Great quality,0
7.145959227000623,240p,1245.4849977916356,Good stream,1
6.601973767177313,240p,4440.198209883719,Good stream,1
2.7993389694594284,720p,2652.5392595668345,Laggy video,1
9.54865280663194,720p,6465.910474487379,Good stream,1
7.378969166957685,720p,1265.619035678679,Good stream,0
5.543540525114007,240p,3680.344881599249,Great quality,1
6.117207462343522,240p,4330.524173694788,Good stream,1
4.196000624277899,720p,298.35891675476194,Great quality,1
2.4773098950115746,1080p,2656.7689107588412,Buffering issues,0
3.559726786512616,1080p,5291.015575763946,Good stream,1
7.578461104643691,360p,5917.49540318567,Good stream,0
0.14393488629755868,480p,2295.976642995396,Great quality,1
1.1607264050691624,1080p,5761.955964812844,Buffering issues,0
0.4600264202175275,240p,6969.776962518196,Laggy video,0
0.40728802318970136,1080p,6178.079903576172,Buffering issues,1
8.554605840110073,360p,899.9780754575819,Great quality,0
7.036578593800237,360p,5341.67457109076,Buffering issues,0
4.741738290873252,480p,2342.4211836254894,Great quality,1
0.9783416065100148,1080p,7117.290164402227,Great quality,1
4.916158751168323,240p,3525.463139761594,Laggy video,1
4.734717707805657,240p,934.1780342828389,Good stream,0
1.7320186991001518,720p,5237.82481291557,Great quality,0
4.33851649237973,240p,2366.299956477567,Great quality,0
3.9850473439737346,480p,7179.138041563065,Laggy video,1
6.158500980522165,480p,7055.6467490812865,Great quality,0
6.350936508676438,240p,4744.796888666946,Good stream,0
0.4530400977204452,240p,986.9608455152635,Laggy video,0
3.746126146264712,720p,4964.187523399707,Good stream,0
6.258599157142363,240p,724.2376733245942,Good stream,0
5.031362585800877,720p,269.6600959910811,Laggy video,0
8.564898411883222,720p,5935.92330602141,Great quality,0
6.58693631618945,240p,1557.636046461485,Good stream,1
1.629344270814297,360p,2766.2536812043554,Good stream,1
0.7056874740042984,360p,7010.485764429876,Good stream,1
6.424192782063156,720p,2465.0411832882774,Good stream,0
0.26511310541621813,240p,2176.937038362871,Laggy video,0
5.8577558127346325,360p,6616.005117306615,Laggy video,1
9.402302414249576,240p,850.7438995773609,Buffering issues,0
5.75474177875879,240p,5483.418408218471,Buffering issues,1
3.881699262065219,240p,7114.788145900807,Good stream,0
6.432882184423532,1080p,6495.253516930992,Great quality,0
4.582528904915167,240p,4712.908939563881,Good stream,1
5.45616789315935,1080p,2302.3940762481066,Great quality,1
9.41464808776525,720p,1875.8589456131815,Good stream,1
3.8610263780077423,360p,5909.481448782232,Buffering issues,1
9.611905638239142,360p,6341.928465615104,Buffering issues,1
9.053506419560637,360p,3811.605275576247,Great quality,0
1.9579113478929644,360p,1804.5871772153682,Good stream,0
0.6936130087516545,360p,866.4145080557792,Great quality,0
1.0077800137742665,360p,682.4614003192745,Buffering issues,1
0.18221825651549728,360p,5194.212974106529,Good stream,1
0.944429607559284,720p,3059.6477168327565,Good stream,1
6.830067734163569,240p,6524.269502343995,Great quality,1
0.7118864846022899,480p,5341.253087189093,Laggy video,1
3.189756302937613,1080p,1425.599383910149,Great quality,1
8.448753109694545,480p,4442.370770344091,Buffering issues,0
0.23271935735825866,480p,3169.5089444028577,Buffering issues,0
8.144684825889358,240p,4181.563077687897,Buffering issues,0
2.8185477477339993,240p,5329.813540637013,Buffering issues,0
1.1816482762165625,240p,5816.2385903670665,Buffering issues,0
6.967371653641506,360p,6084.284510544011,Laggy video,1
6.28942846779884,720p,1873.3806044442565,Good stream,1
8.77472013527053,360p,282.16538340993384,Great quality,1
7.350710438038858,720p,5338.564409076481,Great quality,1
8.034809303848485,720p,819.2942054662307,Buffering issues,1
2.820345725713065,480p,2308.5258626965892,Great quality,1
1.7743954377972282,480p,87.25433764783861,Buffering issues,0
7.506147516408584,720p,4927.120104347568,Laggy video,1
8.06834739267264,720p,1253.3225619045197,Laggy video,1
9.905051420006734,360p,4738.716405198439,Good stream,1
4.126176769114265,360p,7141.042286578369,Laggy video,1
3.720180857927832,480p,578.8700232955163,Laggy video,0
7.764129607419968,240p,610.3370053334294,Good stream,0
3.4080354025301784,720p,2490.313861640059,Great quality,1
9.307573256035647,360p,6245.999711754583,Buffering issues,0
8.584127518430119,480p,1598.8832631701093,Buffering issues,0
4.289940273750183,360p,2633.0976343026814,Great quality,1
7.508710677914974,720p,549.1286033166341,Good stream,1
7.545428740846823,720p,5508.92877958847,Great quality,1
1.031238688359326,1080p,2975.3072873024807,Laggy video,1
9.025529066795666,240p,5481.035954054418,Good stream,1
5.052523724478571,1080p,6511.760008636117,Good stream,0
8.264574661077416,480p,1721.9288703032018,Good stream,1
3.2004960103061175,360p,5824.807656627252,Buffering issues,1
8.955232284962005,480p,481.9303751587284,Great quality,1
3.892016787341631,720p,6477.770351606966,Good stream,0
0.1083765148029836,1080p,4706.487429569456,Good stream,1
9.053819764192637,1080p,6301.97881034783,Good stream,1
0.9128667678613356,1080p,61.345172833994745,Great quality,1
3.1931363759041487,480p,1267.2388423417865,Buffering issues,0
9.50061967050805,720p,2842.8820262251534,Laggy video,1
9.506071469375561,360p,2769.650730095491,Buffering issues,1
5.734378881232861,360p,1678.8549340738662,Good stream,1
6.318372121697992,480p,2784.709250651809,Buffering issues,0
4.4844552197831975,1080p,979.9798036818195,Buffering issues,1
2.9321077169806453,240p,3007.114462959426,Laggy video,1
3.2866454536991596,480p,5788.809910197147,Great quality,1
6.725184560770384,480p,3480.5602505579277,Great quality,0
7.5237452943768,720p,188.52063506883502,Buffering issues,1
7.915790437258485,360p,3069.1104568758265,Buffering issues,1
7.896181427945539,480p,254.02961488862732,Great quality,1
0.9120610304869037,480p,6958.977952446539,Great quality,0
4.944203047025814,1080p,970.0212702792844,Laggy video,0
0.5755876001664428,1080p,5112.894650000618,Good stream,1
5.495288823237355,240p,7005.622945449492,Buffering issues,0
4.41530501373377,720p,5957.918828899323,Great quality,0
8.877041827582998,240p,5053.111778401094,Buffering issues,0
3.5091501255207866,1080p,6053.750893835476,Buffering issues,1
1.1706701642760586,360p,7070.0426698808815,Great quality,1
1.4299168205283586,1080p,4496.399710390201,Laggy video,0
7.615106317174723,720p,4052.579520761391,Buffering issues,0
6.182180633162611,1080p,4545.620108707829,Laggy video,0
1.0112267612279024,720p,3863.3058314775026,Great quality,1
0.8410680611499743,720p,4594.536216195392,Good stream,1
7.009691314591199,720p,3271.873364924073,Good stream,0
0.7276300636419353,720p,1619.6843257868127,Buffering issues,0
8.218600592903563,720p,918.565197293364,Great quality,0
7.062422271564962,360p,547.9542797003392,Laggy video,0
0.8134878064189976,240p,1940.0746959978485,Buffering issues,1
0.8483771408519192,480p,389.3222493571396,Great quality,0
9.866395785011754,240p,4109.599368624413,Great quality,1
3.742707957561203,720p,2086.535111747935,Laggy video,0
3.706421470668909,360p,5947.17852974141,Buffering issues,0
8.127995672575025,1080p,590.0798331370792,Great quality,0
9.472485773838587,360p,1676.1496695982096,Great quality,0
9.860010638228708,720p,5273.957490223642,Great quality,0
7.533781852589416,360p,4335.491236178129,Laggy video,1
3.762595855309158,360p,520.4676767190563,Buffering issues,0
0.8350071669866876,720p,6323.489724138111,Buffering issues,0
7.771469159274368,360p,6323.648986578922,Buffering issues,0
5.58404249735805,480p,2419.113147673025,Buffering issues,1
4.242220092469763,480p,2490.497721515892,Good stream,1
9.06354385094736,360p,7121.662478620242,Good stream,1
1.1119748230615134,1080p,4530.897865175007,Buffering issues,1
4.926251042908591,720p,3853.599956855942,Laggy video,0
0.11353644767419069,480p,6044.40659056074,Good stream,0
4.6866064199412625,1080p,2096.973015871239,Great quality,0
0.5630327568183735,360p,3124.363716849988,Good stream,1
1.1881791626807192,1080p,1971.925462986706,Great quality,0
1.1752624677710488,240p,5694.6084446435425,Buffering issues,0
6.492103021160636,480p,4153.714327835456,Good stream,1
7.460448792654233,360p,4764.011000800104,Laggy video,1
5.833687650971596,720p,1861.4737638533627,Good stream,1
9.621725484745419,360p,1632.4086518340298,Good stream,0
3.748705795237041,720p,3546.9948509381825,Good stream,0
2.8571208628186073,360p,5326.219448522784,Buffering issues,1
8.685991281894603,1080p,3810.2118686939434,Laggy video,0
2.235958385194526,1080p,293.0901376760738,Good stream,1
9.632225394406113,1080p,6261.457755126862,Laggy video,1
0.12154474689816341,240p,521.8644196980395,Buffering issues,0
9.69878826707639,720p,6884.586813766171,Great quality,1
0.43159911950576113,1080p,239.51358209972724,Good stream,1
8.911431136980712,240p,5018.376256773261,Laggy video,1
5.277011090862999,720p,646.958434902121,Laggy video,0
9.929647961193004,360p,6562.230777166897,Buffering issues,1
0.7379656473539886,240p,3376.0533066503754,Good stream,1
5.538542844013207,480p,1041.9197521934898,Great quality,1
9.69302535619099,240p,2493.4240964995047,Laggy video,1
5.230978441701488,240p,1236.848181975881,Good stream,1
6.293986381352625,720p,1277.9548485176226,Great quality,1
6.957486889846171,360p,6829.493406024098,Laggy video,1
4.545410647677732,480p,3239.0572417133876,Laggy video,0
6.275580800840634,1080p,5692.048164284267,Great quality,0
5.843143119231002,1080p,4626.783706808648,Great quality,1
9.01158010490989,240p,4889.684227096121,Buffering issues,0
0.4544638034145787,720p,1000.291150690355,Good stream,0
2.809631895922303,720p,1732.0769502625676,Good stream,1
9.504114840765588,1080p,5677.39739300268,Buffering issues,0
8.902637838909163,480p,6991.2707142299505,Laggy video,1
4.55656752785713,360p,1935.5040881543732,Great quality,1
6.201325978015367,480p,1999.0009803224245,Great quality,1
2.7738118298113266,360p,3436.4855282698604,Great quality,1
1.881211597237613,1080p,7084.619833787826,Laggy video,1
4.636984049399821,360p,1980.3668732010035,Great quality,0
3.533522280260528,720p,2965.7794347886443,Great quality,1
5.836561118508721,240p,6425.167311551838,Buffering issues,0
0.7773463696498484,240p,80.85617291652474,Laggy video,1
9.743948076661665,1080p,343.92899001838657,Good stream,1
9.86210744479603,720p,4373.071774288505,Buffering issues,1
6.981617140197452,480p,6538.694376049728,Buffering issues,0
5.360963663441204,720p,1765.4365552697634,Good stream,1
3.0952761628632777,240p,3413.2422712202624,Buffering issues,1
8.137950197069486,240p,3276.3222538368227,Laggy video,1
6.847311725538793,720p,3437.0154111219426,Great quality,1
1.626169393448913,720p,4504.790627510381,Laggy video,0
9.109271844938425,240p,3413.970467753482,Good stream,1
8.22537242923169,480p,3254.9225290423487,Good stream,0
9.49799913291924,1080p,3446.4193218792,Buffering issues,1
7.2571950838836,1080p,4278.793530675236,Laggy video,0
6.134151959357899,720p,3894.2334668286985,Laggy video,0
4.182430362906189,1080p,6158.531023224601,Good stream,1
9.327284833540133,240p,413.40753394477963,Laggy video,1
8.660638895004084,240p,6009.883890317309,Good stream,0
0.45218670106189407,720p,6085.62173404771,Laggy video,1
0.26366974497252005,720p,2094.2432737310605,Laggy video,1
3.7646336687804958,720p,3364.7629588131736,Laggy video,1
8.105533307818328,480p,3191.1648081572894,Good stream,0
9.872761293149445,1080p,1620.1602172884902,Buffering issues,1
1.5041689110352818,720p,2893.1294881962995,Laggy video,1
5.941307153521351,360p,376.92869329990066,Good stream,1
3.8089085663102153,360p,2043.6495996615838,Good stream,0
9.699143978146033,240p,5891.110732718127,Laggy video,1
8.421189231357086,1080p,2091.7748345870887,Laggy video,0
8.383287047111379,720p,5901.995614862488,Buffering issues,1
4.686931597949703,360p,3855.6201772756363,Good stream,0
4.148195023376652,1080p,6342.219516358682,Good stream,1
2.7340707193070624,240p,4163.926017447924,Great quality,1
0.5637549665092711,480p,271.8311126822423,Good stream,0
8.647223762550531,1080p,4882.500281886217,Buffering issues,0
8.129010091300776,1080p,380.2544756882802,Great quality,0
9.997176732861305,480p,3277.2627155395767,Great quality,1
9.966368370739055,1080p,6696.106598538034,Great quality,1
5.5543170560262745,240p,1239.5561268722502,Laggy video,1
7.689874151805105,240p,2843.6886000026248,Laggy video,1
9.44765729882428,480p,5271.202605178136,Good stream,0
8.496473906774115,720p,6359.326090517212,Great quality,1
2.4734810174319763,360p,4850.533053861506,Buffering issues,1
4.505441353100935,720p,1903.3570349249483,Laggy video,1
1.2915941515149498,1080p,4876.7000698217835,Buffering issues,1
9.540510272587223,360p,2178.635357483203,Buffering issues,1
6.0617463445088005,480p,5189.58470090577,Laggy video,1
2.2864280550346274,480p,6871.796530957189,Laggy video,1
6.7170068440585675,360p,5210.749240898898,Laggy video,0
6.181282404578958,240p,6220.966790794624,Laggy video,1
3.5816271803284048,360p,75.02144027580756,Great quality,1
1.1355759219962902,1080p,5183.464970583584,Great quality,1
6.715731955927996,240p,5983.255156017887,Great quality,1
5.2030770090379335,480p,349.58938606902535,Great quality,0
7.723183917356393,360p,6283.207772837966,Good stream,0
5.201635011119934,720p,1892.7967901337274,Great quality,0
8.5218150031854,720p,4810.1856081233145,Laggy video,0
5.519068387744856,1080p,5774.533836227123,Buffering issues,0
5.609379715353863,720p,4791.424623243798,Great quality,0
8.76653602658345,360p,718.9134154030567,Good stream,1
4.034828662123971,360p,4317.73564466303,Laggy video,0
1.3401522845064073,720p,3984.027308996105,Buffering issues,0
0.28782676313338973,360p,6488.293854050298,Buffering issues,1
7.55137255673619,1080p,2946.2716696596535,Great quality,0
6.203095513534647,240p,2352.5190332015377,Buffering issues,1
7.0407976809922355,1080p,5413.934458076369,Great quality,1
2.129641615089107,1080p,3006.5018282354517,Great quality,0
1.3637147558676976,360p,4673.12668953615,Laggy video,1
0.14544665667881929,240p,4675.653643489693,Laggy video,0
3.5058755880659698,360p,6400.598919531241,Good stream,0
5.899176868546331,480p,4334.663752558356,Laggy video,1
3.922440450997323,360p,3645.3767751285864,Laggy video,1
4.374749220237291,360p,1051.5412704711314,Great quality,0
9.041586944937483,360p,886.3665116859563,Laggy video,1
3.4825546702330037,240p,1161.8559761211868,Great quality,1
5.139894891598108,360p,1286.9981566754548,Great quality,0
7.8365301274114305,240p,4614.4424416183465,Laggy video,0
3.9654278232127016,720p,5350.606126960491,Good stream,1
6.220867002278735,480p,3844.1394736946295,Good stream,0
8.623637087467452,240p,5979.186610374806,Buffering issues,0
9.495206236576422,720p,7137.619438878141,Buffering issues,0
1.4707348092903794,240p,5914.890171912202,Laggy video,0
9.265876251614944,240p,5021.460148046349,Good stream,0
4.921162930795382,480p,3861.997873981227,Great quality,0
2.5824438829895833,1080p,3264.8109317574167,Buffering issues,0
4.591357562382613,1080p,662.5615970880324,Great quality,1
9.800325752854771,240p,2911.4928635380934,Buffering issues,0
4.926180939928696,360p,6558.361306624439,Laggy video,1
3.287516102875082,720p,5829.281577532788,Good stream,1
6.334008543167258,360p,1602.6067461834466,Buffering issues,1
2.401456187781931,360p,3391.579582738121,Good stream,0
0.7586332810866392,240p,5891.403666268008,Great quality,0
1.2887972191064923,240p,541.1257211686308,Laggy video,1
1.2804583895777244,240p,2825.9830616742274,Good stream,0
1.5190269351229435,240p,6142.146431279986,Laggy video,1
1.3882717264941014,1080p,2943.8307501746835,Good stream,0
6.4087474480321465,240p,614.1685633824877,Great quality,0
1.8188008439914483,1080p,3933.6953913202756,Great quality,1
3.456672833238632,1080p,6212.841413716629,Laggy video,1
8.967884099060118,240p,4274.6387766855605,Great quality,1
4.739616402628723,480p,1675.632832649615,Buffering issues,0
6.675577385210271,720p,2803.4708877809026,Good stream,1
1.7231987120162984,360p,3273.880798838996,Great quality,0
1.9228901880867078,1080p,4195.961766278561,Buffering issues,0
0.40868616266478863,720p,5481.766323873657,Laggy video,0
1.6893506307216455,480p,765.9576299541368,Buffering issues,1
2.7859033903195862,360p,6412.115515745424,Laggy video,1
1.7701048427674682,360p,147.8912795347797,Laggy video,1
0.8870253375705561,1080p,2702.1736695741824,Good stream,0
1.206358711006008,240p,255.78101320477563,Good stream,0
4.607787680327258,480p,2865.8359689653794,Buffering issues,1
2.063337184057925,1080p,3814.301955955532,Good stream,0
3.6426986104807546,480p,3713.405100191994,Good stream,0
5.034172708548569,240p,1242.5863977818146,Good stream,1
6.903948286293653,240p,4670.587242082672,Buffering issues,1
0.39312139841098936,1080p,379.7181366033311,Great quality,1
7.994103989090426,240p,5500.014695745446,Good stream,0
6.279003894909078,720p,6819.04125871392,Good stream,0
0.8175903194887191,360p,2485.9494258589816,Buffering issues,0
8.735786241067773,1080p,3753.08918544033,Great quality,0
9.208724005318132,480p,2765.4193853399347,Good stream,0
0.6107795985486375,720p,107.91218677098807,Laggy video,1
2.7687764814720373,1080p,2815.1439506711276,Buffering issues,0
8.062012797930613,240p,5712.882651126014,Good stream,0
7.482596903836583,240p,4315.36033319006,Good stream,0
1.8452101935637732,240p,782.9957903522347,Laggy video,1
2.093493233367103,240p,6108.575956413625,Laggy video,1
3.70472102791382,480p,3851.9493624806337,Buffering issues,1
4.845229851910213,720p,6069.904802856988,Buffering issues,0
6.1825477153029595,360p,4202.78164412511,Laggy video,1
3.689136395697724,480p,4056.175496142891,Buffering issues,1
4.625347161331479,480p,811.5505823066684,Laggy video,1
7.474709381337565,360p,1254.9484946098037,Good stream,0
0.366832028905979,360p,7000.260331385661,Laggy video,1
2.5243694434402073,240p,1691.3953718290632,Laggy video,0
7.133495858845524,480p,7039.008122451227,Great quality,0
8.952068376871994,1080p,3857.8567245832405,Laggy video,1
5.116774421156661,360p,1029.5337960365111,Laggy video,0
5.321134852653157,360p,769.0177276613676,Great quality,1
1.0717201133977605,720p,1551.2894648389833,Buffering issues,0
4.474123668234546,1080p,6669.050536380897,Great quality,1
5.326172664550231,1080p,3017.032601703539,Good stream,1
2.4247050363472966,360p,2883.4006734694085,Great quality,1
2.6924323094938094,240p,2296.2927040410423,Good stream,0
3.7728416310462265,720p,1110.021613045441,Buffering issues,1
0.20071197777726368,1080p,3543.257547953782,Great quality,0
3.220791655831783,360p,988.5411671295302,Great quality,1
2.1144800699654462,1080p,6025.328887769819,Buffering issues,0
3.2749735217791462,720p,2704.6344820056884,Good stream,0
1.1976213181925122,720p,2736.097473962026,Great quality,1
8.90527280739895,480p,3444.405899369733,Good stream,1
5.935924535540487,360p,3231.0718720034665,Great quality,1
6.791023191444896,720p,7163.285927643556,Laggy video,1
7.891712386073383,480p,3954.02120549868,Great quality,1
4.984421989290572,480p,689.7601650596768,Buffering issues,0
0.8692028808742369,1080p,4393.10421885928,Buffering issues,1
5.371065418185478,1080p,1142.3118510909428,Good stream,1
5.868411180208791,480p,280.8947833817817,Great quality,0
7.4543947418433,1080p,6991.098977255551,Good stream,1
4.316595462296794,720p,5583.067685556786,Good stream,1
1.2758030279556376,240p,7057.978205834296,Laggy video,0
2.8377590579872445,720p,3472.052118878811,Laggy video,1
3.630822963986351,480p,3860.3187724036893,Buffering issues,1
6.459172413316012,480p,1261.92586526259,Good stream,1
5.707783046689119,720p,1822.919026406561,Buffering issues,0
3.5609672589784624,1080p,6047.241394406194,Great quality,1
9.865152487929796,1080p,2603.165520419622,Good stream,0
6.057748193568871,480p,5963.458912906432,Good stream,1
2.372267917359945,360p,5122.357991409407,Great quality,0
1.0178247262040374,1080p,1325.0004064411198,Great quality,1
1.5285913918433203,720p,3683.167054094959,Buffering issues,0
2.459577283845081,1080p,4896.545475643638,Buffering issues,0
1.6068137325955567,720p,1738.1657136993113,Great quality,0
1.8656702405130576,480p,5991.1159651133485,Buffering issues,0
2.850951686938471,1080p,3950.0694748726337,Great quality,0
1.7337359529475482,720p,1239.8282401601869,Good stream,0
8.967654246264251,480p,4222.508802815261,Good stream,1
0.8023374566164221,360p,7197.956561673226,Laggy video,1
5.245113895702547,720p,1134.7234504767728,Good stream,0
4.103968269896615,360p,5891.64448105343,Great quality,0
9.823786169086064,360p,1540.1862827591638,Buffering issues,0
1.1203890216805235,240p,5646.252672345024,Laggy video,0
3.9785559904574166,1080p,5304.886371086891,Buffering issues,1
9.69470433275369,720p,2205.494213187087,Great quality,0
8.655071258939802,360p,2386.3770594101716,Good stream,1
8.1707207094928,240p,5718.602738615243,Laggy video,1
2.579028270449398,480p,3354.720954875412,Great quality,0
1.7088758739006582,720p,5278.0407250023145,Laggy video,0
6.68643219924431,360p,1116.6068121920603,Laggy video,1
9.293759891275858,1080p,6147.262562777092,Good stream,1
5.567628930139298,240p,5135.716877111759,Great quality,0
5.7161268946989985,360p,6535.571655080714,Buffering issues,0
2.7997909366028417,1080p,1005.1387863097033,Laggy video,0
7.694929331919369,360p,4294.1235325746675,Laggy video,1
1.8704374855752337,720p,4337.720977187922,Buffering issues,1
3.2367923640424365,720p,2583.7096875040265,Great quality,0
4.254364386164168,720p,3333.4502714245004,Laggy video,1
5.07610378684455,240p,331.1883618895538,Laggy video,1
2.4240973241508024,720p,5385.440675796865,Laggy video,0
1.1483682473920354,1080p,3982.1625029386623,Great quality,0
6.1062004244163255,360p,472.27111034590075,Great quality,1
2.8863055324025577,480p,4920.597075737867,Buffering issues,1
5.812382214226123,1080p,3392.8240314306818,Great quality,0
1.5436271527420231,1080p,306.0533922945,Great quality,0
4.811401018548175,720p,6982.999169695401,Good stream,0
5.325894325515859,240p,6836.660701658605,Buffering issues,0
0.5182353682242691,360p,3722.1232512909905,Laggy video,0
3.366042781939206,240p,728.8210838401989,Great quality,1
1.3441467693897424,360p,5447.995522213945,Laggy video,1
0.6337497047276774,360p,3572.388054754905,Laggy video,1
9.899602323899453,240p,2219.4749949861725,Good stream,1
3.2235384497472297,1080p,3568.7257875538953,Great quality,0
8.09874445854635,360p,3790.2511981950165,Buffering issues,0
2.5464065476376385,240p,4077.761531019502,Great quality,0
6.8150272222392925,360p,3210.3373154990313,Laggy video,1
7.6022785988968655,480p,4385.092864412864,Buffering issues,1
5.956387406078443,1080p,6619.765833729534,Great quality,1
4.715761885501584,720p,2646.5941418839407,Laggy video,0
4.118409141472686,360p,5241.615547390436,Laggy video,1
3.4886826654299528,480p,6446.391255725018,Good stream,0
9.29529144247826,720p,3315.6920289259497,Good stream,0
8.306194077877292,720p,3226.2746717667956,Good stream,0
9.650269106665126,360p,4359.115275433126,Laggy video,0
1.2429722348554473,240p,4282.644262276565,Great quality,0
7.308674752036443,360p,5819.047904209618,Good stream,0
9.383404568210379,480p,3462.09136017701,Great quality,1
1.8123306616566015,720p,7172.31786042561,Good stream,0
0.664962673667775,360p,484.62700171238475,Buffering issues,0
7.4112064929005905,240p,82.61843886621041,Buffering issues,1
5.744731131799119,360p,4631.015944535714,Good stream,0
8.41828776758272,1080p,2190.8252742637997,Laggy video,1
1.397723766262895,240p,1776.3302553143144,Good stream,1
7.952673118598902,480p,2286.9594312305626,Good stream,1
2.0162732004774453,720p,1888.1796148493736,Laggy video,0
1.636559428657045,360p,279.8409545755976,Buffering issues,0
1.6426579793099294,240p,6996.745922668803,Great quality,1
8.14574720231382,1080p,1636.1227875528616,Good stream,0
6.651972206962001,240p,5300.972504887647,Laggy video,0
5.230654247691193,1080p,5504.938258116412,Good stream,1
3.5883048412350247,480p,6694.897821771617,Laggy video,1
8.772005408131083,720p,278.123123646733,Great quality,0
3.924451074226354,480p,6286.425136511635,Great quality,1
8.16599439471577,360p,3824.3949311961737,Buffering issues,1
4.391349085702184,240p,4576.364945156011,Laggy video,1
3.769444294249076,1080p,4661.51777864418,Laggy video,0
4.626797856696064,1080p,5913.356327590955,Buffering issues,0
3.0137787416414206,240p,2440.528280216049,Buffering issues,0
7.476093801762511,240p,5293.985495600353,Laggy video,1
5.027203900924792,360p,3834.0477034164874,Buffering issues,0
2.322126951468173,480p,5724.833262140182,Great quality,1
8.995745732745684,1080p,7132.498673978753,Good stream,0
3.8389122137321143,360p,1492.6482642628553,Great quality,0
5.435528611139886,480p,7161.791300738385,Buffering issues,1
9.06472110964547,360p,701.2587815790064,Laggy video,0
6.242379959139921,1080p,76.547292040371,Laggy video,1
1.1689804070836407,240p,375.3162243097152,Great quality,0
9.398321236134752,240p,2500.3263698204782,Laggy video,0
6.277080530714178,480p,4578.95120104402,Buffering issues,1
3.3490561465708613,720p,552.8709219392463,Great quality,1
1.3927207266338726,480p,100.45391574111031,Laggy video,1
7.9402518927029595,720p,6750.829943195795,Good stream,0
6.200727559285135,360p,5928.556180611097,Good stream,0
5.334610919763215,360p,5837.567841932681,Buffering issues,0
8.938925830509577,1080p,6374.789327084117,Laggy video,1
7.885972112245307,720p,5058.244707592826,Buffering issues,1
1.5167487973275118,1080p,805.4454864013015,Great quality,1
3.1172206779554825,240p,2909.5753428463827,Good stream,0
2.4848913981446574,720p,5223.287333357454,Great quality,0
7.43946292572677,480p,2061.5880500514595,Laggy video,1
0.3353243473577938,240p,4968.081439932736,Buffering issues,0
5.698896848713165,240p,234.9189206310378,Buffering issues,1
7.624586857406905,480p,2245.8206138802957,Buffering issues,0
8.767656367617494,240p,3980.7906010190127,Great quality,0
3.4208174871590744,720p,4573.12138267457,Good stream,1
8.212573046720129,1080p,4180.070344258043,Great quality,0
1.1063173695520723,240p,5041.979811164287,Great quality,0
8.464522917345182,720p,103.47366243245096,Laggy video,1
1.2748866233198242,360p,780.7201678395035,Laggy video,1
3.9728729056036727,720p,6264.261961273096,Laggy video,0
7.972953657795536,1080p,4927.685318803751,Good stream,1
1.4991742734877378,720p,866.3319287781206,Good stream,0
2.2925139523264146,480p,6072.411483025856,Laggy video,1
7.222525683930662,1080p,1789.5308952674077,Laggy video,0
7.200365365460744,360p,3474.7755731538955,Good stream,0
6.411476328852973,480p,1096.7031019964745,Buffering issues,1
6.939484444671001,720p,5130.185802850986,Good stream,0
5.427244433475962,1080p,4821.340566041872,Good stream,0
2.5179905890695276,360p,1567.3430441262124,Good stream,1
3.4569599350391944,480p,6224.681475358993,Laggy video,1
1.8159771680142567,360p,2925.325012928745,Buffering issues,0
9.084505613336283,720p,2148.5577502450965,Good stream,1
5.833917947661204,360p,1147.633268776783,Laggy video,1
4.008514167636399,240p,1960.4396093609375,Great quality,0
4.620058036441327,480p,217.27221753805335,Great quality,0
9.472833396118153,360p,4224.458496136665,Good stream,1
1.533514031160802,720p,6073.527528895788,Great quality,1
5.862298320167972,720p,3979.7204090133228,Buffering issues,1
5.05888678884466,360p,1625.6160881364726,Great quality,0
6.1145423543464785,720p,300.3979324470512,Great quality,0
0.18110183820840509,1080p,1592.4444430678523,Buffering issues,0
8.721239089441514,1080p,3031.106996427599,Good stream,0
9.321182824836123,1080p,5483.625600916547,Good stream,0
5.65133183589209,240p,1401.197967119707,Buffering issues,0
6.966508238768922,360p,5199.310976952459,Buffering issues,0
9.224993811772958,240p,6249.904964032449,Buffering issues,1
7.072386343133986,720p,3301.1804954936692,Great quality,1
1.5253904291426135,240p,5925.024420328116,Buffering issues,0
5.762883601668132,720p,4020.2534649705826,Laggy video,0
6.067150463828559,720p,4608.828576757662,Great quality,0
4.24130671302386,480p,3817.628206814767,Good stream,1
7.3644423562472285,1080p,3367.05319760458,Good stream,0
9.343670147690148,720p,1735.4255742795644,Good stream,1
9.255685129067764,480p,2224.805584551869,Great quality,1
4.508393714041321,1080p,2130.3866492573684,Laggy video,1
1.1323804584075525,720p,4081.8829670102373,Buffering issues,1
9.848411989623346,720p,916.469368190574,Buffering issues,1
8.388980864459342,240p,6605.8926716146725,Good stream,0
1.2466268120326685,240p,5205.477737321428,Good stream,0
9.208418826173723,1080p,2926.3218047202026,Great quality,1
8.698963620621283,720p,1192.5763919183387,Laggy video,0
5.188380571260721,360p,6357.42409181248,Buffering issues,1
5.912754357449293,240p,5941.77556332232,Great quality,1
3.9900270387013026,1080p,5213.09188640066,Buffering issues,0
0.5476163882203133,720p,1998.8459185162706,Good stream,0
3.3519724164590095,720p,2933.468991276396,Buffering issues,0
8.028534485980114,360p,793.6225225103028,Laggy video,0
0.04632023004602859,1080p,1409.7422065545763,Laggy video,0
3.334991716911442,720p,5650.738790441473,Good stream,1
3.9816869359094333,240p,5165.376452593882,Laggy video,0
5.373956029379229,360p,4297.488347648174,Laggy video,0
9.198556164127606,1080p,6455.488823112874,Great quality,0
3.4634599436596125,360p,4224.522937185144,Buffering issues,1
3.469532018962277,240p,3394.1515197401804,Good stream,0
7.3750124810974835,1080p,2490.2471286231457,Good stream,1
4.522179408898071,360p,6774.802330956272,Good stream,0
2.2460482293998196,480p,650.588395283884,Good stream,0
4.524395161326934,240p,6706.535836514172,Good stream,1
1.4085702037979986,240p,5962.742671907471,Laggy video,0
1.763869865062233,240p,987.6996611849072,Great quality,0
4.983677727394797,480p,4093.9883138013106,Good stream,1
4.189254495045479,480p,6247.1525896884805,Great quality,0
9.148459010681,720p,4142.717428155078,Great quality,1
3.623938991166331,360p,6537.406725942843,Laggy video,1
5.805883502780435,720p,6792.904452066543,Good stream,1
6.322642879195303,360p,3075.825488395944,Laggy video,1
0.13094456588333636,480p,2754.0195424411504,Good stream,1
6.635373720167106,480p,6745.33303933978,Laggy video,0
1.7803596686975143,720p,4880.50003660863,Great quality,0
9.610703174694551,1080p,888.4019448259287,Good stream,0
1.4866272775311296,720p,361.96308944994377,Buffering issues,1
4.146241237270237,360p,4091.451424120459,Great quality,1
0.8534966807864386,720p,6701.420693230351,Buffering issues,1
9.968742518459473,240p,6087.935735177543,Great quality,1
5.021950103312426,360p,4885.552909755362,Laggy video,0
5.953850173200438,360p,1053.287161082365,Good stream,0
0.6707647738842748,1080p,1875.2120799656864,Great quality,1
7.499604703991778,480p,6311.150157585679,Laggy video,1
2.0990559309558576,360p,1365.2436697302694,Good stream,0
8.980542894407137,480p,2048.0573749081027,Good stream,1
2.0513964048200717,720p,985.3486495354555,Great quality,1
1.9068772066366657,240p,4887.412772298895,Good stream,1
0.3654966784809488,1080p,6800.033660293317,Great quality,0
4.720669451099992,480p,1980.4317455910557,Good stream,0
5.648411332626164,360p,3454.4031800495263,Buffering issues,1
0.6570863942835237,480p,4589.185741537998,Laggy video,0
7.755276166950106,360p,7196.189012259603,Buffering issues,1
4.532888347480276,480p,808.329584082665,Great quality,1
5.243902693275801,360p,3619.7955084707633,Buffering issues,0
4.407627469382281,720p,2809.7576561038504,Great quality,1
4.00763060875326,360p,6241.955979687616,Good stream,1
5.596403313082179,360p,3458.409599423223,Good stream,0
1.552402459307125,240p,852.3795255379574,Great quality,1
1.8192813049527112,360p,4589.788397346208,Buffering issues,1
8.617856210135173,240p,5563.373614404101,Good stream,1
9.461154621336327,1080p,80.57213689248819,Laggy video,0
3.7330931627975295,240p,6192.950733903295,Good stream,1
2.707446731435538,720p,1388.2042200404526,Laggy video,0
6.439995432390157,240p,4001.775263625118,Buffering issues,1
4.087341710980964,1080p,3028.794154908394,Laggy video,1
0.2538635566034486,720p,5198.328250599187,Laggy video,1
1.5615259736619036,480p,2710.093929570197,Laggy video,1
7.159722288473976,480p,6270.109081507415,Laggy video,0
6.589239419101514,240p,5275.744017245762,Good stream,0
0.2709599250348349,240p,4684.672041389259,Laggy video,1
2.219721619329494,1080p,5745.15785231878,Good stream,1
2.310747965880714,1080p,5443.72446938865,Laggy video,1
6.718927435987284,360p,316.60213893989084,Great quality,1
0.19710537754364155,1080p,2878.4032864520727,Buffering issues,1
1.0410858198457384,360p,6705.964102839737,Laggy video,1
7.999160853731894,720p,957.6712806044952,Great quality,1
1.7854466205433361,240p,5322.869370084846,Laggy video,1
6.527461078518747,720p,7018.585532934254,Laggy video,0
2.381827810467265,1080p,432.69821138109745,Laggy video,0
0.9944139275934516,720p,4930.864307673999,Great quality,0
2.4317219099945406,720p,3402.620568889357,Buffering issues,1
7.2226693185565916,720p,4195.311323375516,Great quality,1
8.556964681062858,1080p,669.3371424980794,Buffering issues,1
8.302198645669916,720p,367.0696363299479,Laggy video,0
3.9718352961845484,360p,4821.427956333581,Good stream,1
6.680851365706461,1080p,5938.429328919926,Laggy video,0
2.0498429541582097,720p,5643.589491421386,Buffering issues,1
2.9314773026101326,1080p,3942.7728969649347,Great quality,0
8.963358185211197,480p,773.0491029123122,Laggy video,0
0.13001923510736035,360p,4972.637328989139,Great quality,0
0.8550853085446808,720p,1787.0866285766022,Great quality,1
2.078862551460273,480p,6565.030537759119,Great quality,0
0.26532203873819715,480p,6045.214667156333,Laggy video,1
1.8143543508979731,1080p,5124.994385003971,Great quality,1
5.830415609696922,480p,6834.760124634271,Great quality,1
4.214245505924979,360p,284.3518055904887,Laggy video,1
8.926717110769749,360p,5316.471034933841,Great quality,1
8.17443561738441,240p,2417.933444461934,Laggy video,0
3.4181735169787597,360p,6529.310423800648,Buffering issues,1
2.594234334312925,480p,1964.06090416652,Buffering issues,1
3.7969240816726693,360p,5235.475405109221,Buffering issues,1
5.902949425148077,1080p,6326.399720306579,Great quality,1
2.6806364082287626,240p,357.4296832523525,Good stream,1
6.24148907849134,480p,2899.2037182871377,Good stream,0
4.0941165219124045,240p,5502.886488636642,Great quality,0
5.520471808519803,480p,3308.1208710841715,Good stream,1
4.361265291353167,1080p,1968.1837767262705,Laggy video,0
2.9446575954191765,240p,1629.4101905975767,Good stream,0
9.484533069621566,720p,999.0404257829383,Great quality,1
7.636057941597608,480p,6179.905057373855,Great quality,0
1.4011317576645255,720p,4168.037579216109,Laggy video,1
8.684679758979128,240p,605.3885072389958,Buffering issues,0
4.874311982495136,720p,2791.623510294337,Great quality,0
8.945522268940914,720p,2685.6182667484845,Laggy video,0
7.998552559473152,240p,1357.6178216655658,Good stream,1
4.252135044692334,1080p,3169.5244458714415,Good stream,0
0.22469308320117398,720p,2431.189468906994,Laggy video,0
2.686773593849461,720p,2500.4784572141834,Laggy video,1
5.416342146608669,1080p,5336.649622606025,Great quality,1
6.334782198261473,720p,1654.1005725071016,Good stream,0
2.578876854332023,720p,4642.880106227238,Laggy video,1
1.3935607407282413,720p,4134.4383145098745,Good stream,0
8.34930236799299,360p,4116.180538092372,Laggy video,0
9.84402180703552,1080p,4793.87245145228,Good stream,1
5.256901823026858,720p,3975.4477384369693,Buffering issues,1
1.716792858483035,1080p,6337.881520003186,Great quality,1
2.7230732651936895,480p,4883.641856524855,Good stream,0
0.18390676547466733,480p,3965.317614791711,Buffering issues,1
9.14298806560499,720p,5984.508678853785,Good stream,0
1.1775108289014113,1080p,4387.886473625045,Good stream,1
5.765164755142536,1080p,2138.769929186178,Buffering issues,0
2.74055220687206,1080p,1538.6577157807185,Good stream,1
5.541780025157934,360p,1147.6203896315267,Good stream,0
6.514203883518642,480p,6482.110217579166,Great quality,1
8.297418037072017,1080p,5130.36698303819,Buffering issues,0
2.064212717606032,1080p,6752.88204849325,Buffering issues,1
0.10995828658480478,360p,4367.503492804693,Laggy video,1
1.3688563006880727,360p,3440.0822938736756,Good stream,0
9.00018641848105,1080p,486.37573125214976,Great quality,1
8.738900775625153,240p,4855.525890238652,Good stream,0
5.974131021703083,1080p,4216.970544745171,Good stream,0
6.005168604336534,1080p,7130.091500215617,Laggy video,1
6.650366745462555,360p,1767.5936733652152,Good stream,0
1.753712786234496,360p,3849.464716748008,Great quality,1
9.144119459249598,1080p,4707.8353727430385,Great quality,1
4.187705248920731,1080p,4662.380987660334,Laggy video,0
3.8313852824949746,1080p,4067.6358966515954,Good stream,1
5.189177052828375,360p,5607.26599373639,Great quality,0
0.46965966775055046,1080p,1523.5658360214693,Good stream,0
1.662833687560794,1080p,5240.978209959329,Good stream,1
7.380336164263705,720p,4484.904840032257,Good stream,1
0.8279866792512647,240p,6457.976298213253,Laggy video,0
6.031521094663882,480p,6108.968294699774,Good stream,0
2.4534910968132095,240p,2310.14985940643,Great quality,1
3.8929561404197655,720p,2032.334500322593,Good stream,1
2.8869373677069987,480p,7069.004732306477,Great quality,1
3.5567271646494913,1080p,3824.6733917349316,Good stream,1
7.1904590518424545,720p,6531.845682349079,Great quality,0
2.9712171562317504,1080p,1230.110509792643,Great quality,1
5.664046402968972,360p,4649.727051673244,Good stream,0
4.760504021990997,720p,5842.401737754585,Good stream,0
6.636711653626481,360p,6824.402082047231,Great quality,1
9.36829739324758,720p,2468.6086068615477,Buffering issues,0
7.325720972102503,720p,5236.365553257735,Laggy video,1
2.149403785907568,360p,3907.12488454288,Buffering issues,0
0.3118313506128467,480p,492.89053211458287,Buffering issues,1
2.622640442998251,240p,4986.598124385856,Good stream,0
5.9507793070025485,1080p,4987.289425818202,Laggy video,0
0.5142581348425035,720p,6704.532586604274,Buffering issues,1
4.963662472012364,1080p,3610.810865646463,Good stream,1
5.968428489168892,360p,1703.9915738730747,Buffering issues,0
3.3424389081696084,1080p,378.18569942356913,Buffering issues,0
7.7091220374582194,360p,3027.6852129373665,Good stream,1
1.065982531337718,1080p,2215.685238553363,Good stream,0
0.7513778173580876,240p,5494.170505010471,Good stream,1
7.281887562036033,240p,2589.4718409650727,Laggy video,0
4.954913162061985,240p,6836.368341687986,Buffering issues,1
6.88402396427736,240p,6930.89484933278,Good stream,0
4.348273386037462,240p,4493.2873341544355,Great quality,1
2.464020332391068,240p,6690.634449286264,Buffering issues,1
8.191023176741997,360p,5492.500019833499,Great quality,0
7.994158789689792,720p,3964.577836562401,Laggy video,1
6.946964708544268,1080p,1347.3986589186359,Good stream,0
2.7214513722996267,240p,3334.3893166888174,Great quality,1
5.902306668690871,360p,4064.6436684090895,Laggy video,1
3.6097389694002677,360p,6228.685686447972,Good stream,1
0.9158207332663415,360p,3496.720308464647,Great quality,0
9.173135754622429,720p,6469.397162920611,Great quality,1
1.368186309189614,1080p,4874.851710227568,Laggy video,0
9.502373538208024,720p,1038.1733102032135,Good stream,1
4.460057729579558,480p,7164.166976981163,Good stream,0
